Orders.csv,1,2,3,4
Client Order ID,Instrument,Side,Quantity,Price
aa001,Rose,1,100,55.55
aa002,Rose,1,100,65
aa003,Rose,2,300,1
aa004,Rose,1,102,2
aa005,Lavender,2,500,45
aa006,Lavender,1,400,46
aa007,Lotus,1,1010,33
aa008,Lotus,2,150,50
aa009,Tulip,1,200,75
aa010,Tulip,2,500,70
aa011,Orchid,2,100,58
aa012,Orchid,1,250,63
aa013,Rose,2,300,2
aa014,Rose,1,150,56
aa015,Lavender,1,180,48
aa016,Lavender,2,200,44
aa017,Lotus,1,500,55
aa018,Lotus,2,400,33
aa019,Tulip,1,1000,41
aa020,Tulip,2,600,50
aa021,Orchid,1,400,65
aa022,Orchid,2,300,42
aa023,Rose,1,200,50
aa024,Rose,2,500,61
aa025,Lavender,1,600,47
aa026,Lavender,2,800,46
aa027,Lotus,1,700,35
aa028,Lotus,2,100,25
aa029,Tulip,1,150,85
aa030,Tulip,2,300,90
aa031,Orchid,1,200,70
aa032,Orchid,2,600,50
aa033,Rose,1,500,66
aa034,Rose,2,400,30
aa035,Lavender,1,450,35
aa036,Lavender,2,300,60
aa037,Lotus,1,200,42
aa038,Lotus,2,600,55
aa039,Tulip,1,1000,40
aa040,Tulip,2,500,45
aa041,Orchid,1,900,60
aa042,Orchid,2,700,65
aa043,Rose,1,300,51
aa044,Rose,2,200,62
aa045,Lavender,1,450,35
aa046,Lavender,2,200,47
aa047,Lotus,1,300,45
aa048,Lotus,2,150,55
aa049,Tulip,1,600,35
aa050,Tulip,2,1000,65
aa051,Orchid,1,150,55
aa052,Orchid,2,350,60
aa053,Rose,1,120,51
aa054,Rose,2,100,55
aa055,Lavender,1,240,52
aa056,Lavender,2,150,50
aa057,Lotus,1,310,45
aa058,Lotus,2,600,38
aa059,Tulip,1,700,68
aa060,Tulip,2,200,55
aa061,Orchid,1,350,63
aa062,Orchid,2,100,48
aa063,Rose,1,600,52
aa064,Rose,2,450,35
aa065,Lavender,1,380,46
aa066,Lavender,2,500,50
aa067,Lotus,1,230,40
aa068,Lotus,2,420,35
aa069,Tulip,1,450,70
aa070,Tulip,2,600,65
aa071,Orchid,1,550,58
aa072,Orchid,2,800,60
aa073,Rose,1,1000,68
aa074,Rose,2,750,55
aa075,Lavender,1,800,48
aa076,Lavender,2,500,52
aa077,Lotus,1,600,35
aa078,Lotus,2,500,48
aa079,Tulip,1,1000,65
aa080,Tulip,2,600,35
aa081,Orchid,1,900,55
aa082,Orchid,2,800,48
aa083,Rose,1,1000,55
aa084,Rose,2,900,48
aa085,Lavender,1,400,45
aa086,Lavender,2,600,50
aa087,Lotus,1,250,38
aa088,Lotus,2,700,40
aa089,Tulip,1,600,68
aa090,Tulip,2,450,65
aa091,Orchid,1,550,70
aa092,Orchid,2,300,40
aa093,Rose,1,900,55
aa094,Rose,2,600,35
aa095,Lavender,1,1000,65
aa096,Lavender,2,200,30
aa097,Lotus,1,150,48
aa098,Lotus,2,350,55
aa099,Tulip,1,600,70
aa100,Tulip,2,800,62
aa101,Orchid,1,500,50
aa102,Orchid,2,200,68
aa103,Rose,1,800,53
aa104,Rose,2,300,45
aa105,Lavender,1,400,47
aa106,Lavender,2,500,52
aa107,Lotus,1,600,38
aa108,Lotus,2,450,55
aa109,Tulip,1,800,65
aa110,Tulip,2,600,48
aa111,Orchid,1,400,70
aa112,Orchid,2,500,40
aa113,Rose,1,350,35
aa114,Rose,2,300,62
aa115,Lavender,1,1000,48
aa116,Lavender,2,450,55
aa117,Lotus,1,600,30
aa118,Lotus,2,300,48
aa119,Tulip,1,700,55
aa120,Tulip,2,900,60
aa121,Orchid,1,600,68
aa122,Orchid,2,800,62
aa123,Rose,1,500,40
aa124,Rose,2,600,68
aa125,Lavender,1,300,45
aa126,Lavender,2,1000,35
aa127,Lotus,1,200,50
aa128,Lotus,2,500,60
aa129,Tulip,1,600,65
aa130,Tulip,2,400,70
aa131,Orchid,1,1000,55
aa132,Orchid,2,450,48
aa133,Rose,1,500,50
aa134,Rose,2,1000,48
aa135,Lavender,1,800,55
aa136,Lavender,2,600,70
aa137,Lotus,1,900,45
aa138,Lotus,2,600,48
aa139,Tulip,1,1000,65
aa140,Tulip,2,400,50
aa141,Orchid,1,300,62
aa142,Orchid,2,500,55
aa143,Rose,1,700,35
aa144,Rose,2,300,70
aa145,Lavender,1,600,60
aa146,Lavender,2,10010,45
aa147,Lotus,1,200,48
aa148,Lotus,2,800,55
aa149,Tulip,1,6,65
aa150,Tulip,2,500,68
aa151,Rose,1,100,60
aa152,Tulip,2,200,45
aa153,Orchid,1,500,52
aa154,Lotus,1,300,40
aa155,Lavender,2,400,50
aa156,Rose,1,600,58
aa157,Tulip,2,150,45
aa158,Orchid,2,700,55
aa159,Lotus,1,200,35
aa160,Lavender,1,1000,60
aa161,Rose,2,300,50
aa162,Tulip,2,400,60
aa163,Orchid,1,600,65
aa164,Lotus,1,800,58
aa165,Lavender,2,500,45
aa166,Rose,1,400,35
aa167,Tulip,2,300,40
aa168,Orchid,1,900,60
aa169,Lotus,1,450,55
aa170,Lavender,2,200,48
aa171,Rose,1,100,52
aa172,Tulip,2,300,35
aa173,Orchid,1,200,55
aa174,Lotus,1,600,50
aa175,Lavender,2,800,45
aa176,Rose,1,500,60
aa177,Tulip,2,600,65
aa178,Orchid,1,1000,70
aa179,Lotus,1,400,55
aa180,Lavender,2,300,48
aa181,Rose,1,150,65
aa182,Tulip,2,100,40
aa183,Orchid,1,250,55
aa184,Lotus,1,600,35
aa185,Lavender,2,200,52
aa186,Rose,1,700,68
aa187,Tulip,2,400,58
aa188,Orchid,1,500,70
aa189,Lotus,1,300,48
aa190,Lavender,2,200,45
aa191,Rose,1,1000,60
aa192,Tulip,2,300,52
aa193,Orchid,1,150,45
aa194,Lotus,1,600,55
aa195,Lavender,2,800,60
aa196,Rose,1,500,68
aa197,Tulip,2,400,48
aa198,Orchid,1,1000,50
aa199,Lotus,1,250,35
aa200,Lavender,2,500,55
aa201,FlowerX,1,100,50
aa202,Rose,3,200,60
